name,price,profit
Share-DUPH,10.01,1.2262250000000001
Share-GTAN,26.04,9.910824
Share-USUF,9.25,2.561325
Share-CFOZ,10.64,4.065544
Share-QLRX,15.72,4.318284
Share-XJDT,0.0,0.0
Share-HKFP,23.97,4.712502
Share-PPPH,24.06,9.19092
Share-HLJY,26.98,1.494692
Share-YKBD,0.0,0.0
Share-CTCR,16.6,2.0584000000000002
Share-LMJG,16.54,4.932228
Share-IGUH,19.13,2.73559
Share-VIRY,31.94,0.587696
Share-PYDS,34.9,10.710809999999999
Share-SOOE,23.09,8.783436
Share-NOIQ,24.08,8.863848
Share-QUXB,36.97,13.338775999999998
Share-SJNY,24.61,4.289523
Share-CQYF,26.26,0.17069000000000004
Share-XJSP,42.08,1.2750239999999997
Share-YNWM,9.94,2.80805
Share-KTGN,6.41,1.626217
Share-KWZO,41.42,0.492898
Share-BVMS,27.84,1.2555839999999998
Share-DAPD,8.47,0.564102
Share-TVRM,31.06,2.059278
Share-EIYB,11.49,4.336326000000001
Share-NNGR,43.15,6.511335
Share-XWRU,28.6,6.683820000000001
Share-YEZB,17.15,5.193020000000001
Share-AQHE,7.8,0.41808
Share-IJAW,0.0,0.0
Share-SEBO,35.85,5.302215
Share-MWTE,0.0,0.0
Share-ZWIY,18.36,2.186676
Share-BAOJ,38.2,10.83352
Share-GKWN,16.01,5.366552000000001
Share-UZPA,27.49,1.20956
Share-HODN,34.8,2.53692
Share-HRDA,27.45,9.236925
Share-ZRWP,25.99,1.7465279999999999
Share-JWSN,23.24,1.6918719999999998
Share-RLHB,38.23,1.705058
Share-FFBY,22.05,2.515905
Share-FTYF,9.56,3.015224
Share-KNZG,14.86,2.0506800000000003
Share-QPSA,28.95,8.656049999999999
Share-JMGY,28.8,0.89568
Share-KWDY,26.04,9.866556
Share-OWCV,30.21,0.223554
Share-HUIT,36.37,6.499319000000001
Share-MSKF,19.76,0.7192640000000001
Share-GFJZ,34.57,9.015856
Share-IKZL,41.63,7.901374000000001
Share-BLKR,45.91,6.973729
Share-INSV,32.9,11.340629999999999
Share-VBXG,30.23,10.725603999999999
Share-LTLT,28.67,4.773555
Share-JTQE,33.07,10.221937
Share-OHTK,7.76,1.1919359999999999
Share-XBOW,30.98,2.5186740000000003
Share-PKFS,19.16,4.8206560000000005
Share-BQZO,25.92,0.005184000000000001
Share-MCUJ,12.51,0.456615
Share-TTXF,20.12,7.444400000000001
Share-CZZS,27.26,8.50512
Share-BGRQ,25.39,2.9528570000000003
Share-SVAM,18.37,3.4737670000000005
Share-IYAT,14.95,2.9182399999999995
Share-NNSM,12.03,3.8652390000000003
Share-VLWV,3.7,0.14245000000000002
Share-XSSB,22.12,8.4609
Share-CIIX,1.41,0.25690199999999996
Share-SJAK,33.2,4.29276
Share-CEBR,45.89,0.018356
Share-CLIJ,33.15,7.7007449999999995
Share-XRVK,47.49,1.3534650000000001
Share-OOUK,36.53,4.401865
Share-ZBMZ,31.3,10.685820000000001
Share-KVDA,25.11,3.492801
Share-PARA,14.33,0.22068200000000002
Share-TNBA,23.58,8.399195999999998
Share-CSQA,2.71,0.23035
Share-HKEJ,15.19,2.524578
Share-AOLT,48.53,17.684331999999998
Share-YRVP,21.91,2.4057180000000002
Share-IPGW,17.24,2.6359959999999996
Share-IYEW,38.32,14.097928
Share-WZHT,36.02,8.936562
Share-FAHD,47.39,2.142028
Share-EFHD,25.31,5.013910999999999
Share-IQHP,41.0,13.1446
Share-XOQL,18.72,2.8136159999999997
Share-CZAX,38.05,11.65852
Share-UVZJ,0.0,0.0
Share-RUFN,10.88,4.0288640000000004
Share-ZIGX,41.52,5.559528
Share-KMOP,25.25,8.3931
Share-VTYP,13.68,4.270896
Share-WENI,27.11,9.453256999999999
Share-YEYF,49.1,12.21608
Share-EKHU,47.13,16.509639000000004
Share-JPLU,10.72,3.1259520000000003
Share-CVKQ,27.89,1.6901339999999998
Share-TFNF,38.63,12.879242000000001
Share-LRYZ,32.77,12.505032000000002
Share-SUDI,38.72,9.683872000000001
Share-GFBR,22.19,4.6709950000000005
Share-ELHS,36.47,0.382935
Share-BOET,0.0,0.0
Share-PFOA,8.54,1.6294319999999995
Share-HRKX,14.09,4.708878
Share-DEMQ,19.25,6.793324999999999
Share-MONJ,10.67,0.7970489999999999
Share-XQOA,18.65,0.49982
Share-RZCS,36.45,4.65831
Share-DAPQ,21.36,4.180152
Share-OUGA,8.99,0.6607649999999999
Share-BCVC,20.69,6.933219
Share-BHXC,41.14,8.0223
Share-NTBS,24.42,2.5225860000000004
Share-WVBR,25.11,0.72819
Share-GCEX,0.0,0.0
Share-RBJP,12.54,1.482228
Share-QNMW,10.16,1.130808
Share-FLLX,2.35,0.11139000000000002
Share-MHMX,19.48,5.156356
Share-DAWU,7.4,0.38776000000000005
Share-ETOR,12.33,0.906255
Share-GVVO,2.22,0.633144
Share-SPAR,42.66,4.573152
Share-DWQL,0.0,0.0
Share-IFCP,29.23,11.656924000000002
Share-WYAL,42.12,6.406452000000001
Share-OFZD,31.48,4.337944
Share-KLCJ,13.75,2.4804999999999997
Share-JNUW,30.61,5.381238
Share-SHFZ,32.79,9.056598000000001
Share-CYLT,33.73,8.162659999999999
Share-JHLP,42.97,15.950464
Share-DLGZ,34.71,11.759748000000002
Share-COUC,20.99,1.2447069999999998
Share-ATAE,16.58,4.057125999999999
Share-FTJN,27.52,4.620608
Share-WTPW,19.89,5.018247
Share-HITN,0.67,0.22438300000000003
Share-ADLV,18.9,0.8920799999999999
Share-CWIL,46.2,0.54978
Share-VBQT,25.73,9.162453000000001
Share-XQQA,26.78,2.50393
Share-QSOQ,30.15,0.21406499999999998
Share-WIWE,10.65,0.9457200000000001
Share-FRBU,30.13,2.880428
Share-IYKD,1.08,0.140616
Share-EPCT,3.91,0.624036
Share-JIZL,48.75,2.0621250000000004
Share-ACQS,32.62,0.525182
Share-YUTW,16.28,5.813588000000001
Share-YHEL,2.51,0.253008
Share-HPSH,19.77,6.557709
Share-NVXL,25.66,4.949814
Share-ZFQR,21.74,8.422075999999999
Share-GYNX,30.96,11.848392
Share-XXLC,45.12,6.379968
Share-TLJJ,28.65,3.939375
Share-RUPP,40.98,2.21292
Share-SXZH,39.35,3.4667350000000003
Share-DSHU,23.12,6.723296
Share-OLUI,30.68,8.372572
Share-FXZS,0.0,0.0
Share-SFMP,9.48,1.7007120000000002
Share-VVDF,5.12,1.308672
Share-YVUQ,39.98,7.51624
Share-FIWE,42.56,3.975104
Share-NKEK,19.01,4.90458
Share-QEDS,3.78,0.519372
Share-SWES,35.4,10.216439999999999
Share-XMLZ,29.5,7.215700000000001
Share-DRXI,37.42,14.238309999999998
Share-BKOT,22.9,6.732599999999999
Share-QDFN,4.26,0.87756
Share-NLNW,8.95,0.792075
Share-MKTB,33.42,5.858526
Share-FEMI,15.24,5.542787999999999
Share-ZQDO,34.64,3.4847840000000003
Share-CVOW,0.0,0.0
Share-GBMB,41.91,4.953762
Share-ZUWA,17.84,5.744480000000001
Share-VUOS,20.14,6.823432
Share-RTTA,27.78,0.905628
Share-SQQK,22.58,7.340757999999998
Share-GROK,28.16,2.26688
Share-RWWJ,46.3,0.0
Share-YPRZ,41.82,7.615422000000001
Share-EDPH,22.43,2.10842
Share-LJDU,39.86,14.835892
Share-JKRC,18.58,3.0192499999999995
Share-QCRM,26.91,4.5666269999999995
Share-PKXQ,41.39,4.035525
Share-DBMG,37.07,14.131083999999998
Share-DFKO,29.28,7.240944000000001
Share-LOJD,22.47,4.311993
Share-SFMQ,39.61,2.0874469999999996
Share-TMYW,22.41,3.578877
Share-WPYY,42.88,5.98176
Share-EDBI,22.92,7.499424
Share-WJZQ,16.28,0.20350000000000001
Share-MGCH,25.72,5.730416
Share-GFKM,24.37,8.812192
Share-JLNT,19.74,1.9226759999999998
Share-ZIZN,40.69,7.0475080000000005
Share-FVVN,33.3,1.4318999999999997
Share-TTVT,35.43,9.038193
Share-EMOV,8.89,3.513328000000001
Share-ZWPI,21.5,8.3893
Share-KKAD,14.66,4.719054
Share-GMPX,30.86,2.3422739999999997
Share-JHKR,18.3,4.62075
Share-QIGP,35.59,8.054017
Share-RUMG,34.34,2.5480280000000004
Share-EPWT,9.54,0.769878
Share-FJIK,28.32,9.767568
Share-ETNQ,48.78,5.551164
Share-OZCM,36.69,11.201457
Share-KZLV,18.43,0.7390429999999999
Share-ZLGB,39.41,14.451647000000001
Share-ZSPZ,22.3,4.2147
Share-RQNB,20.12,5.378076
Share-UNOG,43.84,8.17616
Share-GZHU,33.02,8.109712
Share-QPFG,9.52,3.083528
Share-IVRI,27.35,10.60086
Share-GHNY,28.45,5.00151
Share-XABA,0.0,0.0
Share-MEPT,37.14,11.290560000000001
Share-OTBX,16.84,0.986824
Share-ODFR,30.14,3.5595340000000006
Share-QPRB,32.06,1.6639140000000003
Share-QAIJ,31.42,10.403162
Share-OKTW,24.15,5.85879
Share-KYHO,37.05,10.770434999999999
Share-ONTS,14.17,2.1935160000000002
Share-JWXV,47.28,3.465624
Share-TJBP,28.5,8.1339
Share-YHLS,6.11,0.353769
Share-ZNIY,20.38,5.088886
Share-XPZF,35.01,11.780864999999999
Share-ODXT,12.75,2.382975
Share-VQHA,6.93,0.9812879999999999
Share-IDWW,26.58,5.8476
Share-TVOJ,9.39,2.1916260000000003
Share-NMYP,0.0,0.0
Share-VNQN,1.17,0.216567
Share-FVTC,25.28,5.968608000000001
Share-RSQE,45.64,11.966807999999999
Share-TCMQ,15.36,1.7955839999999998
Share-UPTV,7.59,1.523313
Share-LSFE,17.51,5.510397
Share-TTLC,30.69,11.870892000000001
Share-WMOU,29.0,9.9818
Share-QJZG,34.68,6.662028
Share-PSZU,25.8,3.46752
Share-GCAZ,48.58,1.569134
Share-KZBL,28.99,11.346686
Share-ZTDP,33.38,2.273178
Share-XBIG,34.11,0.12620699999999999
Share-MXMO,23.99,3.807212999999999
Share-OMOF,30.8,5.6548799999999995
Share-NWSG,38.03,5.8261959999999995
Share-LGSU,46.79,8.693582
Share-GLFC,16.63,0.740035
Share-PAXZ,7.22,0.059204
Share-QSPX,0.6,0.2109
Share-ZGFE,20.76,4.662696
Share-WCNO,17.13,5.527851000000001
Share-BHYK,25.29,4.529439
Share-VGFO,17.83,5.596836999999999
Share-FUUQ,32.33,1.192977
Share-VEEM,9.47,1.4953130000000001
Share-YVIJ,3.94,1.157572
Share-ZEPQ,29.27,8.956620000000001
Share-EINI,20.13,2.618913
Share-LRBZ,32.9,13.14355
Share-NYHH,12.51,0.821907
Share-CBNP,37.33,4.315348
Share-JXTU,0.0,0.0
Share-ZOIW,15.06,3.8553600000000006
Share-GSPE,48.99,5.7073350000000005
Share-IZCN,31.52,3.90848
Share-XLQI,31.33,10.201048
Share-BDMW,48.51,9.406089
Share-HCCK,20.58,0.6606179999999999
Share-DWFW,15.17,2.507601
Share-TDXX,30.93,4.590012
Share-ZXSD,44.62,9.374662
Share-MKZB,6.97,2.362133
Share-XRZR,14.78,0.941486
Share-XPEO,31.13,8.423778
Share-QDBT,23.68,4.1629439999999995
Share-CPNV,28.84,2.0072639999999997
Share-QFPK,11.96,1.137396
Share-CXDL,27.89,3.952013
Share-MMFR,37.78,14.560412000000001
Share-MYPQ,14.1,0.9235499999999999
Share-EZLR,17.59,3.4669890000000003
Share-QJZD,47.58,10.810175999999998
Share-YDJK,25.79,3.159275
Share-ZSRN,31.7,1.4645400000000002
Share-IMGN,30.72,10.149887999999999
Share-HPQO,5.03,1.758991
Share-KYUG,15.06,0.21385200000000001
Share-YZOF,9.65,1.2159
Share-KPMF,39.44,8.728072
Share-RBTN,0.0,0.0
Share-CBTR,36.81,2.101851
Share-JGEU,27.08,6.9866399999999995
Share-SIRR,34.39,9.175252
Share-TECI,30.9,3.8130599999999997
Share-NFGO,38.33,14.024947
Share-XJMO,9.39,3.7541219999999997
Share-IFPU,35.66,7.370921999999999
Share-SNKS,16.75,6.539199999999999
Share-GKRC,19.28,5.271152000000001
Share-XZNX,34.59,1.0861260000000001
Share-XRNJ,26.54,5.581362
Share-OGGC,25.25,4.310175
Share-TNHW,45.8,2.85334
Share-YMIE,18.31,2.3345249999999997
Share-LKBB,8.28,1.10952
Share-IQED,33.12,11.456207999999998
Share-LFLL,15.17,1.439633
Share-OJRZ,31.68,0.34848
Share-IKCF,3.37,0.17422900000000002
Share-RNBA,19.47,1.212981
Share-YZFJ,34.75,4.131775
Share-RGDB,23.95,5.860564999999999
Share-UEIV,33.41,10.243506
Share-VQPV,20.9,4.39109
Share-OHHU,40.43,15.367442999999998
Share-AXIX,36.82,7.503915999999999
Share-KOUD,35.09,12.607837000000002
Share-NALT,48.96,5.694048
Share-NHKZ,30.69,0.300762
Share-NKUT,34.4,8.57592
Share-GPGM,47.4,9.446819999999999
Share-NFNZ,25.77,4.8653759999999995
Share-NVDR,1.99,0.329146
Share-NQIL,13.37,3.2622799999999996
Share-VTWL,5.98,1.2970620000000002
Share-JEQJ,25.73,6.005382
Share-IXSO,19.7,5.57313
Share-HGVJ,26.2,6.53428
Share-AIQL,25.69,8.652391999999999
Share-KYXI,29.07,9.116352
Share-SIVL,26.31,6.067086
Share-GJMI,25.09,7.624851
Share-OLCV,38.97,5.124555
Share-SLZZ,14.87,4.425312
Share-RDQM,30.61,0.508126
Share-UOZD,21.17,6.533062
Share-MOXN,31.29,0.560091
Share-XKAM,47.01,17.910809999999998
Share-GGLB,31.58,11.090895999999997
Share-GEYL,24.68,4.499164
Share-CIYW,20.93,3.4429849999999997
Share-EIZH,27.73,4.023623
Share-MPUS,30.96,8.461368
Share-YUVN,15.09,2.085438
Share-PEAZ,15.72,5.113716
Share-MWDM,11.97,0.336357
Share-LSZT,34.9,13.677309999999999
Share-CBNY,1.22,0.47958200000000006
Share-HMVR,15.62,2.588234
Share-LGHI,21.64,5.327768
Share-VCWF,24.71,7.123892999999999
Share-CGUS,8.27,3.0913260000000005
Share-REMR,26.84,8.841095999999999
Share-MXBC,15.26,1.9868519999999998
Share-ZDHV,16.64,1.7139200000000003
Share-AVUV,11.65,1.35839
Share-WVTR,35.99,10.671035
Share-MLVQ,36.23,2.945499
Share-NCFR,25.4,0.77724
Share-LFGX,25.04,2.463936
Share-HQDA,25.28,2.0097600000000004
Share-UMGT,5.97,0.076416
Share-WITL,38.65,2.462005
Share-XOBN,34.06,0.793598
Share-AHYU,20.99,1.120866
Share-YLHV,43.01,15.105111999999998
Share-BTKZ,17.55,6.4443600000000005
Share-YEYV,32.67,0.846153
Share-BGVK,18.27,1.704591
Share-OFWH,30.0,3.591
Share-XKFR,42.85,5.664770000000001
Share-SNUW,44.48,3.7896959999999997
Share-QWHX,45.37,14.241643
Share-TZIJ,25.62,0.44835
Share-ILTN,23.8,0.5831000000000001
Share-TIRJ,29.33,3.7483739999999997
Share-URMZ,34.99,13.607611000000002
Share-FZFY,33.03,1.3145940000000003
Share-UTIJ,20.36,4.908796
Share-PFEQ,26.95,3.37953
Share-LNBX,32.12,7.721647999999999
Share-BORU,34.6,8.25902
Share-QOYO,12.93,4.710399
Share-BAPF,37.14,3.8365620000000002
Share-RJIB,21.22,7.229653999999999
Share-ICKP,26.65,5.223400000000001
Share-DPMV,40.44,3.7164359999999994
Share-EWGU,0.0,0.0
Share-MIOT,20.91,6.137085000000001
Share-GSDZ,44.29,5.035773
Share-GOEX,38.41,8.004643999999999
Share-IHOT,10.47,2.5798080000000003
Share-GIAJ,10.75,4.28925
Share-OTFE,29.23,4.662185
Share-HMCY,39.53,13.760393
Share-UMCH,21.51,5.007528000000001
Share-QQBR,29.9,4.91556
Share-WJZJ,38.96,10.246480000000002
Share-CESY,0.0,0.0
Share-OGLE,41.9,4.37855
Share-MNMP,36.64,3.8362080000000005
Share-KGQI,0.23,0.043493000000000004
Share-JGPU,26.21,6.350683
Share-LBSY,31.98,7.406568
Share-EMCQ,6.37,1.3033020000000002
Share-GHFD,13.56,3.093036
Share-ESFE,13.5,0.5994
Share-EJLA,25.25,5.714075
Share-JJNV,38.71,5.578111
Share-DIGK,32.32,3.836384
Share-NYKV,15.38,4.76011
Share-DDWA,40.89,4.796397
Share-SLGB,9.77,2.119113
Share-HYNU,47.39,4.080279
Share-KZFS,9.73,1.054732
Share-THCY,39.05,2.4679599999999997
Share-SIZB,6.13,1.417256
Share-TUQB,19.32,3.0158519999999998
Share-NTQC,30.85,5.272265
Share-HYMY,26.4,9.19776
Share-VXCW,0.0,0.0
Share-JYBM,24.65,9.376859999999999
Share-VGRH,34.98,3.2076659999999997
Share-PSVO,0.0,0.0
Share-NBSA,33.83,11.640902999999998
Share-OFJC,24.83,0.908778
Share-JWVH,1.71,0.17801099999999997
Share-PEQK,34.63,8.439331000000001
Share-WAQC,21.71,4.92817
Share-ZEIM,31.25,5.05625
Share-RPXU,13.75,3.6630000000000003
Share-DTZY,35.96,6.954664
Share-LHKD,34.45,5.6876950000000015
Share-YRSC,47.0,18.000999999999998
Share-MZLJ,23.2,4.04376
Share-YECK,32.66,9.543251999999999
Share-SZEE,36.55,8.669659999999999
Share-MTJQ,41.49,10.629738
Share-PBXL,5.46,2.0070959999999998
Share-BMTW,27.23,4.563748
Share-YPHD,5.72,0.566852
Share-TXHQ,8.97,3.2955780000000003
Share-KAUS,42.96,12.613055999999998
Share-BFRJ,43.43,7.665395
Share-NDNV,8.19,2.8640429999999997
Share-GNLH,11.86,2.784728
Share-WMQI,39.87,9.229904999999999
Share-ARZU,0.0,0.0
Share-MDAT,41.4,14.883300000000002
Share-QBZY,40.0,13.44
Share-YHNK,35.09,3.9160440000000007
Share-DGFR,37.13,11.91873
Share-FVCW,14.48,0.7153120000000002
Share-JREW,9.93,1.4944650000000002
Share-NOLN,22.65,0.2718
Share-DSKL,38.68,8.095724
Share-LHLG,42.98,12.180531999999998
Share-HJJZ,17.54,1.1506239999999999
Share-URDO,32.8,4.23448
Share-URKJ,28.32,10.217856
Share-JSDR,21.66,5.980326
Share-KMDP,32.23,7.129276
Share-TGMY,44.93,0.907586
Share-RCCP,2.09,0.738188
Share-GQZA,5.86,0.750666
Share-EQFF,18.75,1.134375
Share-QQTU,33.19,13.14324
Share-LWHP,32.0,9.3568
Share-SRHN,26.36,8.983488
Share-SORI,7.97,1.604361
Share-TQVQ,4.41,0.506268
Share-UIWH,30.41,7.508229
Share-PJBF,17.09,3.36673
Share-VOPM,46.57,4.806024
Share-MSWM,14.48,0.421368
Share-TPPD,22.77,3.540735
Share-GDNC,45.82,12.994551999999999
Share-OELG,33.83,1.302455
Share-HBXW,2.73,0.5711160000000001
Share-UYOE,38.08,0.236096
Share-VMPZ,24.08,2.5283999999999995
Share-GMUB,36.8,6.513599999999999
Share-LCVT,6.06,0.06362999999999999
Share-KRMG,15.22,4.821696
Share-FYUX,3.68,0.717968
Share-DSJF,24.72,0.726768
Share-MCJZ,47.05,3.091185
Share-STKT,0.28,0.021812
Share-FSTB,27.28,3.43728
Share-KQHE,21.63,0.296331
Share-MXKO,0.0,0.0
Share-JEHF,21.92,0.3419520000000001
Share-SKKC,24.87,9.821163000000002
Share-RPNK,46.37,1.502388
Share-LZLU,12.12,4.307447999999999
Share-ICYR,27.21,1.3605
Share-VOEF,32.38,1.8521360000000002
Share-LSBJ,39.9,7.912169999999999
Share-HQIF,34.88,5.277344
Share-TWXB,26.92,0.3607280000000001
Share-HQHB,27.01,6.474297
Share-PYSY,26.63,8.063564
Share-JAGI,36.36,13.060512000000001
Share-EYGW,46.25,8.024375000000001
Share-OFCJ,10.69,3.6399449999999995
Share-WGNW,38.88,9.3312
Share-JNGS,-2.73,22.22
Share-IETC,0.0,0.0
Share-BPBC,26.55,4.1152500000000005
Share-HIGA,5.34,1.655934
Share-JEAI,31.06,9.150276
Share-FNVN,9.03,1.2867749999999998
Share-AQZD,39.1,12.668399999999998
Share-WBLU,39.29,1.3044279999999997
Share-HJFD,8.61,1.3905149999999997
Share-QSSK,29.01,6.077595
Share-WQLH,6.75,0.10462500000000001
Share-ALZI,9.61,2.7042539999999997
Share-CNVT,23.78,7.971056000000001
Share-NJKY,30.73,11.622086
Share-QIID,29.25,3.4047
Share-CDSP,0.0,0.0
Share-BOZY,25.86,3.4135199999999997
Share-OTLF,34.81,12.291411
Share-TEET,43.2,16.38576
Share-GWMA,0.0,0.0
Share-HHFE,25.9,6.203049999999999
Share-HERB,48.28,5.856364000000001
Share-KKQW,21.59,4.389247
Share-FKJR,0.8,0.11784
Share-LOKP,41.04,16.075368
Share-TZKX,44.94,11.99898
Share-DYJJ,21.05,4.4626
Share-DRRI,27.64,5.762940000000001
Share-CFUF,34.05,2.611635
Share-MUFT,23.38,4.46558
Share-ZNKU,6.96,2.698392
Share-TOHR,25.74,2.453022
Share-ZSDE,15.11,6.025868
Share-AAZC,36.78,6.881538000000001
Share-DSME,22.62,3.7390860000000004
Share-PWHJ,39.65,3.374215
Share-LUSV,19.87,2.396322
Share-YXVL,26.62,6.066698
Share-XLQD,39.13,5.849935
Share-WIBX,20.58,5.346684
Share-DXLL,0.0,0.0
Share-YYBB,39.15,0.13702499999999998
Share-COVF,30.7,4.88744
Share-GRSA,13.0,4.534400000000001
Share-CKIZ,0.0,0.0
Share-BXEV,6.7,2.24986
Share-LSTK,14.89,4.910722
Share-GLOV,39.92,3.73252
Share-LYIZ,21.79,5.059638
Share-HQWX,6.35,0.40576499999999993
Share-KXYC,17.18,2.6989780000000003
Share-ANXT,13.32,4.74192
Share-OAOX,36.3,11.423609999999998
Share-LGWG,31.41,12.40695
Share-VPPA,4.09,0.087935
Share-USDU,0.0,0.0
Share-FJZC,20.64,6.262176
Share-HCNK,13.03,3.0698679999999996
Share-WFZZ,29.81,10.666018
Share-DAQE,20.97,2.279439
Share-FYKQ,41.06,15.91075
Share-IPUP,26.11,8.010548
Share-XGXY,28.39,10.277180000000001
Share-LVQC,41.57,7.058586
Share-PXVO,15.37,3.103203
Share-OVCD,31.92,3.22392
Share-WPLI,34.64,13.824824
Share-LJEO,40.87,10.246108999999999
Share-PISF,20.49,1.6084649999999998
Share-ZQNA,28.59,3.550878
Share-EMNG,25.21,1.05882
Share-BJIF,10.56,3.3116160000000003
Share-QGUP,4.45,0.9095800000000002
Share-XUCG,12.25,2.70725
Share-RPNX,25.11,1.150038
Share-KCEB,38.89,2.465626
Share-KFOQ,26.19,4.55706
Share-FVNN,33.93,10.606518000000001
Share-XZOD,12.07,0.339167
Share-GGKK,22.15,2.5605399999999996
Share-JPQM,10.82,1.6024420000000001
Share-WYJO,33.73,10.790226999999998
Share-IAFR,30.57,1.4734740000000002
Share-MCBN,29.5,4.94125
Share-UFQB,23.77,5.980531999999999
Share-ZHNO,24.32,5.209344000000001
Share-MGXU,13.5,5.166450000000001
Share-TUFN,10.37,2.373693
Share-NVVV,37.44,2.8154879999999998
Share-EPTB,21.32,5.042179999999999
Share-WSEH,0.0,0.0
Share-ARYE,17.62,2.5390420000000002
Share-CGJM,17.21,6.763529999999999
Share-ZJWM,26.58,8.561418
Share-XAZS,35.02,10.267864000000001
Share-CPWU,37.92,14.515776
Share-UIMY,16.52,0.30231600000000003
Share-UKXZ,35.19,2.5583129999999996
Share-YMFX,24.46,8.062016000000002
Share-MLNK,45.74,12.651684
Share-HJKI,9.7,0.029099999999999997
Share-PEVC,17.51,0.32743700000000003
Share-HDZP,3.48,0.08386800000000001
Share-GUTR,16.5,2.6152499999999996
Share-HPYJ,24.88,4.931216
Share-EXKV,0.0,0.0
Share-TVCG,15.27,0.7528109999999999
Share-DRZA,8.24,1.4222240000000002
Share-CYLI,18.82,3.946554
Share-LZSG,36.54,6.74163
Share-FTYA,19.58,5.819175999999999
Share-QLMK,17.38,6.8633619999999995
Share-OLCM,31.19,8.39011
Share-WPCD,42.55,14.603159999999997
Share-OSGU,42.76,4.113511999999999
Share-BQLT,24.12,3.2272560000000006
Share-RKNE,3.69,0.371214
Share-VRIE,36.95,11.90529
Share-HBGI,40.08,14.06808
Share-VNFB,22.88,4.802511999999999
Share-QSQG,8.68,3.2393759999999996
Share-CRZH,30.01,10.449482
Share-CXGC,21.73,0.745339
Share-ECAB,23.09,7.464996999999999
Share-PUDT,10.9,0.43273000000000006
Share-KMEM,24.35,8.25465
Share-TCIP,22.2,6.540119999999999
Share-CVPG,31.65,5.598885
Share-XDUU,30.33,0.9887579999999998
Share-VYWQ,33.85,10.30394
Share-GLAO,26.86,7.134015999999999
Share-MAJJ,21.12,1.366464
Share-NVBN,21.63,6.694484999999999
Share-XXBE,34.62,0.40505399999999997
Share-QTKW,29.15,10.21416
Share-YAFK,29.93,6.476852
Share-MVRZ,31.33,2.38108
Share-MLGM,0.01,0.0018859999999999999
Share-GUQG,36.18,9.023292
Share-QQGZ,3.82,1.227748
Share-VPMV,34.12,3.3130520000000003
Share-PNTD,15.22,1.5448300000000001
Share-MYPY,24.11,5.2969669999999995
Share-QMVF,4.12,0.346492
Share-UFXW,30.73,3.8228120000000003
Share-MOVT,19.01,0.112159
Share-RGMB,30.2,9.503939999999998
Share-YGKX,28.18,9.392394
Share-QOGS,10.56,1.302048
Share-EMDG,17.45,1.156935
Share-SKUO,0.0,0.0
Share-NCIK,0.0,0.0
Share-OTAO,28.29,5.740041
Share-CIWC,13.62,3.462204
Share-DQRQ,36.38,3.9472300000000002
Share-XPMV,28.12,10.539375999999999
Share-OBKH,12.62,3.50836
Share-MLDY,22.61,4.822712999999999
Share-JCPU,24.77,2.6726829999999997
Share-OPSM,0.0,0.0
Share-JHTJ,44.04,11.261028
Share-UBRS,0.0,0.0
Share-XHQJ,11.4,2.4737999999999998
Share-QDWQ,17.4,3.3042599999999993
Share-OXSN,15.68,0.710304
Share-VNXO,24.73,6.194865
Share-EFWR,29.32,0.533624
Share-GZUU,13.05,3.5757
Share-LPGN,17.14,2.5949960000000005
Share-VHYI,48.31,14.493000000000002
Share-FXBP,11.87,3.425682
Share-PLPK,18.66,3.289758
Share-OEDD,27.56,5.8372079999999995
Share-BMIQ,25.2,8.608319999999999
Share-QINE,26.5,9.8527
Share-ITTV,29.61,7.147854
Share-QHTF,20.53,3.208839
Share-VBED,5.32,0.817684
Share-LTEB,37.59,0.093975
Share-OBVY,29.01,0.736854
Share-SHCI,14.79,5.445677999999999
Share-VUSQ,47.69,0.076304
Share-BENA,23.31,1.4335650000000002
Share-BEQY,27.96,10.599636
Share-NQQC,38.86,3.948176
Share-RNXT,5.14,1.4623299999999997
Share-RIBY,15.67,5.639633
Share-HBPQ,23.43,6.0894569999999995
Share-BDME,25.61,0.158782
Share-FPVA,19.72,3.6817240000000004
Share-WVNM,24.33,1.997493
Share-MTFR,17.85,5.342505
Share-JGBU,21.05,1.8945
Share-IXFI,45.04,7.90452
Share-TMBL,19.74,1.6996139999999997
Share-PTYE,29.58,2.404854
Share-RDHG,37.82,0.17019
Share-TDWK,29.0,4.225300000000001
Share-EVUW,4.44,1.7413680000000002
Share-HTJD,46.96,13.613704
Share-HHIZ,41.58,6.478164
Share-XBDW,26.12,2.50752
Share-PCHT,22.24,5.5511040000000005
Share-MOVE,12.3,2.60145
Share-HLYD,3.4,0.42262
Share-HIAN,35.75,6.828250000000001
Share-YIOX,26.12,2.4082640000000004
Share-GRUT,498.76,196.61119200000002
Share-UNHO,26.1,0.7830000000000001
Share-FKJW,21.08,8.385624
Share-WQMQ,16.35,5.6293050000000004
Share-TFVA,37.16,14.005603999999998
Share-ARAY,21.53,2.9345390000000005
Share-AHQO,28.18,4.334084000000001
Share-SNVL,20.19,7.680276
Share-VUTC,22.42,2.3137440000000002
Share-LAHI,38.29,6.183834999999999
Share-YOET,33.67,1.195285
Share-LQHP,26.14,1.2364220000000001
Share-YPGY,16.97,6.6132089999999994
Share-NHRO,21.77,1.6283960000000002
Share-GERI,26.26,6.649032000000001
Share-OQCA,27.85,6.2690350000000015
Share-XRRF,11.13,1.479177
Share-CVFX,31.44,4.4707680000000005
Share-GXSF,37.2,13.8198
Share-QUWM,29.64,8.998704
Share-VONS,47.68,11.762656000000002
Share-UEZE,2.93,0.8611270000000001
Share-KFOG,2.78,0.93686
Share-UXBG,6.08,2.102464
Share-LNMC,13.7,1.84676
Share-WUWO,35.81,7.215715
Share-WBWX,27.02,0.948402
Share-SMUS,23.92,8.041903999999999
Share-NNDP,15.02,1.6672199999999997
Share-GTQK,15.4,6.1523
Share-KEUJ,34.5,5.944350000000001
Share-CVLS,2.65,0.18921
Share-TGAD,19.06,3.5413479999999993
Share-XZWG,10.25,3.3825
Share-VLOZ,33.81,7.309722000000001
Share-JPRI,30.54,9.20781
Share-AFAJ,29.12,10.139584000000001
Share-TRSF,36.6,7.55058
Share-CBLS,30.38,3.3266099999999996
Share-ZVEO,4.78,0.30353
Share-BYJX,22.13,2.761824
Share-RAOW,28.24,1.959856
Share-AZDM,27.17,6.710990000000001
Share-IBVH,6.04,1.3306120000000001
Share-JKZM,5.26,0.9404879999999999
Share-QKDN,28.55,11.194455
Share-QRBH,17.24,5.690923999999999
Share-HQVQ,17.1,1.9921500000000003
Share-CFML,18.07,5.13188
Share-AGPL,15.87,2.407479
Share-ZORL,43.63,7.229491
Share-DDRH,44.61,10.287066
Share-NUZX,19.47,4.277558999999999
Share-AMYS,23.48,1.427584
Share-KQDZ,16.02,6.154883999999999
Share-LQXO,35.36,4.925648
Share-TNCT,37.36,6.810728
Share-KFMR,11.23,3.1477690000000003
Share-HZKM,0.0,0.0
Share-NZMA,36.61,8.105454
Share-MJEL,17.19,2.671326
Share-RBXY,37.09,11.738985
Share-OZBN,5.03,1.410412
Share-VQOW,20.31,7.539071999999999
Share-SCKQ,40.89,14.838980999999999
Share-WYIT,24.23,5.192489
Share-QUQS,13.43,4.887176999999999
Share-QKFA,8.37,0.64449
Share-EAIO,23.78,9.003108000000001
Share-FHZN,6.1,2.32349
Share-QVQY,6.53,0.994519
Share-BZBC,18.85,5.917015
Share-SULM,29.26,4.810344000000001
Share-LYRY,21.56,3.4668479999999993
Share-VNMM,0.0,0.0
Share-YRRO,12.15,1.9865250000000003
Share-USSR,25.62,10.135272
Share-AXIX,5.73,1.9310100000000003
Share-OBYV,16.39,2.155285
Share-DAVZ,21.92,5.526032
Share-MTLR,16.49,6.591053
Share-BXTP,4.77,1.5965189999999998
Share-AQOR,25.45,9.027115
Share-MKUX,48.55,2.3303999999999996
Share-SBMG,43.85,10.896725000000002
Share-XOFE,33.55,3.97232
Share-KTYA,39.18,9.95172
Share-LKLG,0.0,0.0
Share-AZTU,5.43,1.211976
Share-DUET,34.93,4.044894
Share-AQKA,33.58,7.414463999999999
Share-LPDM,39.35,15.633754999999999
Share-GUCL,4.64,0.5614399999999999
Share-EBOY,35.08,9.818891999999998
Share-ZPTK,11.7,2.0592
Share-ZRZK,15.04,3.1057599999999996
Share-ZRIV,0.0,0.0
Share-MVVG,16.81,2.047458
Share-ROHB,23.75,7.29125
Share-GNJC,29.25,0.962325
Share-YVCE,41.5,10.17995
Share-FMLL,29.57,7.779866999999999
Share-NUAX,24.42,8.654448
Share-PJTN,0.0,0.0
Share-FQJZ,16.41,3.288564
Share-HYQP,7.15,1.838265
Share-NLPL,8.45,1.91308
Share-IQMC,0.35,0.009835
Share-SJIV,26.49,8.903289
Share-OODL,5.61,0.03366
Share-UBYY,30.3,6.096360000000001
Share-LPSQ,29.44,10.813311999999998
Share-RSRH,26.64,8.362296
Share-WPTD,31.35,3.32937
Share-QGXD,38.05,8.039964999999999
Share-BVQQ,9.87,2.026311
Share-PNBE,27.3,2.9620499999999996
Share-NYRP,23.91,3.3593550000000003
Share-GSGQ,3.57,0.48195
Share-QFOM,20.24,3.5642639999999997
Share-DWPD,16.13,4.8180309999999995
Share-IBSP,32.78,9.693046
Share-EJXB,9.32,0.187332
Share-UEZB,24.87,9.806241
Share-QXLZ,38.15,8.801205
Share-NWDK,33.94,1.9515499999999997
Share-XPQB,18.49,4.883208999999999
Share-RNEE,15.93,1.123065
Share-BMWW,3.65,1.1479249999999999
Share-DLDY,2.62,0.11239800000000001
Share-EKHC,20.22,4.767875999999999
Share-PSEN,10.73,3.7179450000000003
Share-BXWL,11.08,3.1910399999999997
Share-JEHD,20.22,3.360564
Share-HAKK,14.67,0.261126
Share-CQXK,42.48,8.300592
Share-NFHZ,28.09,3.207878
Share-VEOO,30.85,7.394745
Share-YQTP,27.63,5.948739000000001
Share-APNK,33.9,9.054689999999999
Share-FCIM,25.84,8.524616000000002
Share-CWAN,21.78,1.202256
Share-ZGNB,17.54,6.5669759999999995
Share-WDYF,33.55,9.239669999999998
Share-BRCC,48.93,16.337727
Share-OQKF,20.36,5.165331999999999
Share-NOPE,33.63,0.39347099999999996
Share-ASGY,20.47,4.540246
Share-HBSR,25.7,4.1479800000000004
Share-CZIZ,39.47,12.926425
Share-MLUC,32.69,9.248000999999999
Share-SGHI,30.02,0.8795860000000001
Share-CBUV,19.3,4.19775
Share-MOVJ,13.76,3.230848
Share-HAJM,6.01,0.514456
Share-IQQO,0.0,0.0
Share-OLMP,5.32,1.9077520000000001
Share-AUGU,20.67,4.935996
Share-DBFE,36.63,12.212442000000003
Share-JEZT,24.55,1.95418
Share-GXSJ,19.93,2.549047
Share-XREJ,21.24,0.9579239999999999
Share-SALE,27.25,9.115125
Share-YSKI,0.0,0.0
Share-MYXT,23.78,7.1554020000000005
Share-WEOQ,4.82,0.652146
Share-NHWA,29.18,11.604886
Share-CYYC,0.42,0.024696
Share-XINI,13.23,3.459645
Share-JHWR,15.51,0.736725
Share-HSOR,17.87,3.041474
Share-DXOW,24.99,9.683625
Share-UMIB,44.93,15.761444
Share-GYWT,38.32,1.49448
Share-RQJV,20.73,6.482271
Share-MHUT,30.36,6.448463999999999
Share-FNZM,22.38,7.777049999999999
Share-KPYM,19.12,3.931072
Share-IIUJ,41.83,2.999211
Share-DDUF,36.49,4.258383
Share-VGUF,28.44,3.6261
Share-THNO,31.4,5.59548
Share-YYEN,25.73,1.1398389999999998
Share-RZCT,18.58,4.438762
Share-QRVU,16.96,5.997056
Share-VFGQ,16.36,3.862596
Share-URAA,30.91,7.783138
Share-EBAM,29.48,1.435676
Share-EAAY,23.25,7.656224999999999
Share-XFNL,44.05,10.558784999999999
Share-UTUI,22.78,7.23265
Share-AIRL,7.19,2.249032
Share-AYBY,40.52,4.343744
Share-PWDG,39.72,4.980887999999999
Share-UGTV,46.13,13.05479
Share-GHIZ,28.0,11.1692
Share-UBEA,46.85,2.3050200000000003
Share-VNTG,30.54,7.778538
Share-NDSG,24.04,2.5097759999999996
Share-OYDA,20.5,2.2242499999999996
Share-KXOH,1.5,0.48284999999999995
Share-FAXV,29.03,9.457974
Share-QZWX,20.16,4.890816
Share-ABJM,21.17,8.105993000000002
Share-OQSQ,5.07,1.360788
Share-APJH,26.51,10.20635
Share-HUNV,0.0,0.0
Share-EJFE,19.11,3.453177
Share-BGDY,2.46,0.39729
Share-PJBK,45.42,13.058250000000001
Share-PAWY,21.86,7.137289999999999
Share-KEYI,40.4,12.78256
Share-JUBL,29.67,0.691311
Share-BECH,35.91,1.1706659999999998
Share-WALV,29.53,8.235917
Share-DRAB,0.0,0.0
Share-KMTG,23.21,9.277037
Share-MKXO,26.44,5.280068
Share-QFPY,45.3,3.44733
Share-WZIF,20.04,1.12224
Share-VSIP,42.36,5.5745759999999995
Share-IFTU,37.65,5.26347
Share-WMHE,25.47,4.673745
Share-NMDR,22.27,7.342419
Share-MXAF,21.23,2.37776
Share-WVVQ,11.95,2.2047749999999997
Share-XFUI,20.81,6.763249999999999
Share-KRLT,29.73,6.088704
Share-BCJD,13.65,2.32323
Share-GJTI,23.11,2.477392
Share-BKDN,34.66,6.575002
Share-ZSZF,26.57,5.228976
Share-LDCO,28.36,3.8711399999999996
Share-DBUJ,0.07,0.007511000000000001
Share-VBIE,46.52,0.921096
Share-CKEE,17.78,5.870956000000001
Share-ZECG,43.32,13.325232000000002
Share-PWWS,49.36,7.093031999999999
Share-LOBE,39.3,12.564209999999997
Share-HFXF,0.0,0.0
Share-NZHD,15.79,1.3468869999999997
Share-LDVW,26.9,9.97721
Share-PNHT,8.01,1.61001
Share-YNRH,15.48,3.1997160000000004
Share-CAEQ,36.56,14.320552000000003
Share-VRCA,37.94,5.888288
Share-WSYK,24.52,6.372747999999999
Share-XKDC,27.34,0.83387
Share-XUPB,16.58,3.524908
Share-IZTA,16.98,2.180232
Share-NFKM,42.83,7.058384
Share-ONRM,7.48,1.3366760000000002
Share-TSLL,31.42,2.4224820000000005
Share-HXDE,33.15,7.29963
Share-CUSU,2.66,0.8642340000000002
Share-ZYBC,39.09,11.046834
Share-KJRG,30.57,9.672348000000001
Share-RYQW,0.0,0.0
Share-JPLO,9.81,3.0391380000000003
Share-PRLI,21.38,7.55783
Share-PCSR,28.48,0.26486400000000004
Share-ISXU,23.73,3.573738
Share-IUVO,8.47,1.173942
